{"train_err": 0.13882739203316827, "time": 0.1729181371629238, "avg_loss": 9.717917442321777, "256_h1": 1.5548351049423217, "256_l2": 1.2016475439071654, "lr": 0.006186640069302049, "_timestamp": 1774630354.9315274, "_runtime": 9.534058332443237, "_step": 10, "_wandb": {"runtime": 8}}